 arcs[0].from = 1, arcs[0].to = 22, arcs[0].capacity = 10, arcs[0].cost = 0, arcs[0].flow = 0, arcs[0].mate = 152, 
 arcs[1].from = 1, arcs[1].to = 13, arcs[1].capacity = 20, arcs[1].cost = 0, arcs[1].flow = 0, arcs[1].mate = 153, 
 arcs[2].from = 2, arcs[2].to = 18, arcs[2].capacity = 5, arcs[2].cost = 0, arcs[2].flow = 0, arcs[2].mate = 154, 
 arcs[3].from = 2, arcs[3].to = 9, arcs[3].capacity = 15, arcs[3].cost = 0, arcs[3].flow = 0, arcs[3].mate = 155, 
 arcs[4].from = 2, arcs[4].to = 20, arcs[4].capacity = 5, arcs[4].cost = 0, arcs[4].flow = 0, arcs[4].mate = 156, 
 arcs[5].from = 3, arcs[5].to = 25, arcs[5].capacity = 8, arcs[5].cost = 0, arcs[5].flow = 0, arcs[5].mate = 157, 
 arcs[6].from = 4, arcs[6].to = 10, arcs[6].capacity = 12, arcs[6].cost = 0, arcs[6].flow = 0, arcs[6].mate = 158, 
 arcs[7].from = 6, arcs[7].to = 27, arcs[7].capacity = 10, arcs[7].cost = 0, arcs[7].flow = 0, arcs[7].mate = 159, 
 arcs[8].from = 6, arcs[8].to = 18, arcs[8].capacity = 20, arcs[8].cost = 0, arcs[8].flow = 0, arcs[8].mate = 160, 
 arcs[9].from = 7, arcs[9].to = 23, arcs[9].capacity = 5, arcs[9].cost = 0, arcs[9].flow = 0, arcs[9].mate = 161, 
 arcs[10].from = 7, arcs[10].to = 14, arcs[10].capacity = 15, arcs[10].cost = 0, arcs[10].flow = 0, arcs[10].mate = 162, 
 arcs[11].from = 7, arcs[11].to = 25, arcs[11].capacity = 5, arcs[11].cost = 0, arcs[11].flow = 0, arcs[11].mate = 163, 
 arcs[12].from = 8, arcs[12].to = 30, arcs[12].capacity = 8, arcs[12].cost = 0, arcs[12].flow = 0, arcs[12].mate = 164, 
 arcs[13].from = 9, arcs[13].to = 15, arcs[13].capacity = 12, arcs[13].cost = 0, arcs[13].flow = 0, arcs[13].mate = 165, 
 arcs[14].from = 11, arcs[14].to = 32, arcs[14].capacity = 10, arcs[14].cost = 0, arcs[14].flow = 0, arcs[14].mate = 166, 
 arcs[15].from = 11, arcs[15].to = 23, arcs[15].capacity = 20, arcs[15].cost = 0, arcs[15].flow = 0, arcs[15].mate = 167, 
 arcs[16].from = 12, arcs[16].to = 28, arcs[16].capacity = 5, arcs[16].cost = 0, arcs[16].flow = 0, arcs[16].mate = 168, 
 arcs[17].from = 12, arcs[17].to = 19, arcs[17].capacity = 15, arcs[17].cost = 0, arcs[17].flow = 0, arcs[17].mate = 169, 
 arcs[18].from = 12, arcs[18].to = 30, arcs[18].capacity = 5, arcs[18].cost = 0, arcs[18].flow = 0, arcs[18].mate = 170, 
 arcs[19].from = 13, arcs[19].to = 35, arcs[19].capacity = 8, arcs[19].cost = 0, arcs[19].flow = 0, arcs[19].mate = 171, 
 arcs[20].from = 14, arcs[20].to = 20, arcs[20].capacity = 12, arcs[20].cost = 0, arcs[20].flow = 0, arcs[20].mate = 172, 
 arcs[21].from = 16, arcs[21].to = 37, arcs[21].capacity = 10, arcs[21].cost = 0, arcs[21].flow = 0, arcs[21].mate = 173, 
 arcs[22].from = 16, arcs[22].to = 28, arcs[22].capacity = 20, arcs[22].cost = 0, arcs[22].flow = 0, arcs[22].mate = 174, 
 arcs[23].from = 17, arcs[23].to = 33, arcs[23].capacity = 5, arcs[23].cost = 0, arcs[23].flow = 0, arcs[23].mate = 175, 
 arcs[24].from = 17, arcs[24].to = 24, arcs[24].capacity = 15, arcs[24].cost = 0, arcs[24].flow = 0, arcs[24].mate = 176, 
 arcs[25].from = 17, arcs[25].to = 35, arcs[25].capacity = 5, arcs[25].cost = 0, arcs[25].flow = 0, arcs[25].mate = 177, 
 arcs[26].from = 18, arcs[26].to = 40, arcs[26].capacity = 8, arcs[26].cost = 0, arcs[26].flow = 0, arcs[26].mate = 178, 
 arcs[27].from = 19, arcs[27].to = 25, arcs[27].capacity = 12, arcs[27].cost = 0, arcs[27].flow = 0, arcs[27].mate = 179, 
 arcs[28].from = 21, arcs[28].to = 42, arcs[28].capacity = 10, arcs[28].cost = 0, arcs[28].flow = 0, arcs[28].mate = 180, 
 arcs[29].from = 21, arcs[29].to = 33, arcs[29].capacity = 20, arcs[29].cost = 0, arcs[29].flow = 0, arcs[29].mate = 181, 
 arcs[30].from = 22, arcs[30].to = 38, arcs[30].capacity = 5, arcs[30].cost = 0, arcs[30].flow = 0, arcs[30].mate = 182, 
 arcs[31].from = 22, arcs[31].to = 29, arcs[31].capacity = 15, arcs[31].cost = 0, arcs[31].flow = 0, arcs[31].mate = 183, 
 arcs[32].from = 22, arcs[32].to = 40, arcs[32].capacity = 5, arcs[32].cost = 0, arcs[32].flow = 0, arcs[32].mate = 184, 
 arcs[33].from = 23, arcs[33].to = 45, arcs[33].capacity = 8, arcs[33].cost = 0, arcs[33].flow = 0, arcs[33].mate = 185, 
 arcs[34].from = 24, arcs[34].to = 30, arcs[34].capacity = 12, arcs[34].cost = 0, arcs[34].flow = 0, arcs[34].mate = 186, 
 arcs[35].from = 26, arcs[35].to = 47, arcs[35].capacity = 10, arcs[35].cost = 0, arcs[35].flow = 0, arcs[35].mate = 187, 
 arcs[36].from = 26, arcs[36].to = 38, arcs[36].capacity = 20, arcs[36].cost = 0, arcs[36].flow = 0, arcs[36].mate = 188, 
 arcs[37].from = 27, arcs[37].to = 43, arcs[37].capacity = 5, arcs[37].cost = 0, arcs[37].flow = 0, arcs[37].mate = 189, 
 arcs[38].from = 27, arcs[38].to = 34, arcs[38].capacity = 15, arcs[38].cost = 0, arcs[38].flow = 0, arcs[38].mate = 190, 
 arcs[39].from = 27, arcs[39].to = 45, arcs[39].capacity = 5, arcs[39].cost = 0, arcs[39].flow = 0, arcs[39].mate = 191, 
 arcs[40].from = 28, arcs[40].to = 50, arcs[40].capacity = 8, arcs[40].cost = 0, arcs[40].flow = 0, arcs[40].mate = 192, 
 arcs[41].from = 29, arcs[41].to = 35, arcs[41].capacity = 12, arcs[41].cost = 0, arcs[41].flow = 0, arcs[41].mate = 193, 
 arcs[42].from = 31, arcs[42].to = 52, arcs[42].capacity = 10, arcs[42].cost = 0, arcs[42].flow = 0, arcs[42].mate = 194, 
 arcs[43].from = 31, arcs[43].to = 43, arcs[43].capacity = 20, arcs[43].cost = 0, arcs[43].flow = 0, arcs[43].mate = 195, 
 arcs[44].from = 32, arcs[44].to = 48, arcs[44].capacity = 5, arcs[44].cost = 0, arcs[44].flow = 0, arcs[44].mate = 196, 
 arcs[45].from = 32, arcs[45].to = 39, arcs[45].capacity = 15, arcs[45].cost = 0, arcs[45].flow = 0, arcs[45].mate = 197, 
 arcs[46].from = 32, arcs[46].to = 50, arcs[46].capacity = 5, arcs[46].cost = 0, arcs[46].flow = 0, arcs[46].mate = 198, 
 arcs[47].from = 33, arcs[47].to = 55, arcs[47].capacity = 8, arcs[47].cost = 0, arcs[47].flow = 0, arcs[47].mate = 199, 
 arcs[48].from = 34, arcs[48].to = 40, arcs[48].capacity = 12, arcs[48].cost = 0, arcs[48].flow = 0, arcs[48].mate = 200, 
 arcs[49].from = 36, arcs[49].to = 57, arcs[49].capacity = 10, arcs[49].cost = 0, arcs[49].flow = 0, arcs[49].mate = 201, 
 arcs[50].from = 36, arcs[50].to = 48, arcs[50].capacity = 20, arcs[50].cost = 0, arcs[50].flow = 0, arcs[50].mate = 202, 
 arcs[51].from = 37, arcs[51].to = 53, arcs[51].capacity = 5, arcs[51].cost = 0, arcs[51].flow = 0, arcs[51].mate = 203, 
 arcs[52].from = 37, arcs[52].to = 44, arcs[52].capacity = 15, arcs[52].cost = 0, arcs[52].flow = 0, arcs[52].mate = 204, 
 arcs[53].from = 37, arcs[53].to = 55, arcs[53].capacity = 5, arcs[53].cost = 0, arcs[53].flow = 0, arcs[53].mate = 205, 
 arcs[54].from = 38, arcs[54].to = 60, arcs[54].capacity = 8, arcs[54].cost = 0, arcs[54].flow = 0, arcs[54].mate = 206, 
 arcs[55].from = 39, arcs[55].to = 45, arcs[55].capacity = 12, arcs[55].cost = 0, arcs[55].flow = 0, arcs[55].mate = 207, 
 arcs[56].from = 41, arcs[56].to = 62, arcs[56].capacity = 10, arcs[56].cost = 0, arcs[56].flow = 0, arcs[56].mate = 208, 
 arcs[57].from = 41, arcs[57].to = 53, arcs[57].capacity = 20, arcs[57].cost = 0, arcs[57].flow = 0, arcs[57].mate = 209, 
 arcs[58].from = 42, arcs[58].to = 58, arcs[58].capacity = 5, arcs[58].cost = 0, arcs[58].flow = 0, arcs[58].mate = 210, 
 arcs[59].from = 42, arcs[59].to = 49, arcs[59].capacity = 15, arcs[59].cost = 0, arcs[59].flow = 0, arcs[59].mate = 211, 
 arcs[60].from = 42, arcs[60].to = 60, arcs[60].capacity = 5, arcs[60].cost = 0, arcs[60].flow = 0, arcs[60].mate = 212, 
 arcs[61].from = 43, arcs[61].to = 65, arcs[61].capacity = 8, arcs[61].cost = 0, arcs[61].flow = 0, arcs[61].mate = 213, 
 arcs[62].from = 44, arcs[62].to = 50, arcs[62].capacity = 12, arcs[62].cost = 0, arcs[62].flow = 0, arcs[62].mate = 214, 
 arcs[63].from = 46, arcs[63].to = 67, arcs[63].capacity = 10, arcs[63].cost = 0, arcs[63].flow = 0, arcs[63].mate = 215, 
 arcs[64].from = 46, arcs[64].to = 58, arcs[64].capacity = 20, arcs[64].cost = 0, arcs[64].flow = 0, arcs[64].mate = 216, 
 arcs[65].from = 47, arcs[65].to = 63, arcs[65].capacity = 5, arcs[65].cost = 0, arcs[65].flow = 0, arcs[65].mate = 217, 
 arcs[66].from = 47, arcs[66].to = 54, arcs[66].capacity = 15, arcs[66].cost = 0, arcs[66].flow = 0, arcs[66].mate = 218, 
 arcs[67].from = 47, arcs[67].to = 65, arcs[67].capacity = 5, arcs[67].cost = 0, arcs[67].flow = 0, arcs[67].mate = 219, 
 arcs[68].from = 48, arcs[68].to = 70, arcs[68].capacity = 8, arcs[68].cost = 0, arcs[68].flow = 0, arcs[68].mate = 220, 
 arcs[69].from = 49, arcs[69].to = 55, arcs[69].capacity = 12, arcs[69].cost = 0, arcs[69].flow = 0, arcs[69].mate = 221, 
 arcs[70].from = 51, arcs[70].to = 72, arcs[70].capacity = 10, arcs[70].cost = 0, arcs[70].flow = 0, arcs[70].mate = 222, 
 arcs[71].from = 51, arcs[71].to = 63, arcs[71].capacity = 20, arcs[71].cost = 0, arcs[71].flow = 0, arcs[71].mate = 223, 
 arcs[72].from = 52, arcs[72].to = 68, arcs[72].capacity = 5, arcs[72].cost = 0, arcs[72].flow = 0, arcs[72].mate = 224, 
 arcs[73].from = 52, arcs[73].to = 59, arcs[73].capacity = 15, arcs[73].cost = 0, arcs[73].flow = 0, arcs[73].mate = 225, 
 arcs[74].from = 52, arcs[74].to = 70, arcs[74].capacity = 5, arcs[74].cost = 0, arcs[74].flow = 0, arcs[74].mate = 226, 
 arcs[75].from = 53, arcs[75].to = 75, arcs[75].capacity = 8, arcs[75].cost = 0, arcs[75].flow = 0, arcs[75].mate = 227, 
 arcs[76].from = 54, arcs[76].to = 60, arcs[76].capacity = 12, arcs[76].cost = 0, arcs[76].flow = 0, arcs[76].mate = 228, 
 arcs[77].from = 56, arcs[77].to = 77, arcs[77].capacity = 10, arcs[77].cost = 0, arcs[77].flow = 0, arcs[77].mate = 229, 
 arcs[78].from = 56, arcs[78].to = 68, arcs[78].capacity = 20, arcs[78].cost = 0, arcs[78].flow = 0, arcs[78].mate = 230, 
 arcs[79].from = 57, arcs[79].to = 73, arcs[79].capacity = 5, arcs[79].cost = 0, arcs[79].flow = 0, arcs[79].mate = 231, 
 arcs[80].from = 57, arcs[80].to = 64, arcs[80].capacity = 15, arcs[80].cost = 0, arcs[80].flow = 0, arcs[80].mate = 232, 
 arcs[81].from = 57, arcs[81].to = 75, arcs[81].capacity = 5, arcs[81].cost = 0, arcs[81].flow = 0, arcs[81].mate = 233, 
 arcs[82].from = 58, arcs[82].to = 80, arcs[82].capacity = 8, arcs[82].cost = 0, arcs[82].flow = 0, arcs[82].mate = 234, 
 arcs[83].from = 59, arcs[83].to = 65, arcs[83].capacity = 12, arcs[83].cost = 0, arcs[83].flow = 0, arcs[83].mate = 235, 
 arcs[84].from = 61, arcs[84].to = 82, arcs[84].capacity = 10, arcs[84].cost = 0, arcs[84].flow = 0, arcs[84].mate = 236, 
 arcs[85].from = 61, arcs[85].to = 73, arcs[85].capacity = 20, arcs[85].cost = 0, arcs[85].flow = 0, arcs[85].mate = 237, 
 arcs[86].from = 62, arcs[86].to = 78, arcs[86].capacity = 5, arcs[86].cost = 0, arcs[86].flow = 0, arcs[86].mate = 238, 
 arcs[87].from = 62, arcs[87].to = 69, arcs[87].capacity = 15, arcs[87].cost = 0, arcs[87].flow = 0, arcs[87].mate = 239, 
 arcs[88].from = 62, arcs[88].to = 80, arcs[88].capacity = 5, arcs[88].cost = 0, arcs[88].flow = 0, arcs[88].mate = 240, 
 arcs[89].from = 63, arcs[89].to = 85, arcs[89].capacity = 8, arcs[89].cost = 0, arcs[89].flow = 0, arcs[89].mate = 241, 
 arcs[90].from = 64, arcs[90].to = 70, arcs[90].capacity = 12, arcs[90].cost = 0, arcs[90].flow = 0, arcs[90].mate = 242, 
 arcs[91].from = 66, arcs[91].to = 87, arcs[91].capacity = 10, arcs[91].cost = 0, arcs[91].flow = 0, arcs[91].mate = 243, 
 arcs[92].from = 66, arcs[92].to = 78, arcs[92].capacity = 20, arcs[92].cost = 0, arcs[92].flow = 0, arcs[92].mate = 244, 
 arcs[93].from = 67, arcs[93].to = 83, arcs[93].capacity = 5, arcs[93].cost = 0, arcs[93].flow = 0, arcs[93].mate = 245, 
 arcs[94].from = 67, arcs[94].to = 74, arcs[94].capacity = 15, arcs[94].cost = 0, arcs[94].flow = 0, arcs[94].mate = 246, 
 arcs[95].from = 67, arcs[95].to = 85, arcs[95].capacity = 5, arcs[95].cost = 0, arcs[95].flow = 0, arcs[95].mate = 247, 
 arcs[96].from = 68, arcs[96].to = 90, arcs[96].capacity = 8, arcs[96].cost = 0, arcs[96].flow = 0, arcs[96].mate = 248, 
 arcs[97].from = 69, arcs[97].to = 75, arcs[97].capacity = 12, arcs[97].cost = 0, arcs[97].flow = 0, arcs[97].mate = 249, 
 arcs[98].from = 71, arcs[98].to = 92, arcs[98].capacity = 10, arcs[98].cost = 0, arcs[98].flow = 0, arcs[98].mate = 250, 
 arcs[99].from = 71, arcs[99].to = 83, arcs[99].capacity = 20, arcs[99].cost = 0, arcs[99].flow = 0, arcs[99].mate = 251, 
 arcs[100].from = 72, arcs[100].to = 88, arcs[100].capacity = 5, arcs[100].cost = 0, arcs[100].flow = 0, arcs[100].mate = 252, 
 arcs[101].from = 72, arcs[101].to = 79, arcs[101].capacity = 15, arcs[101].cost = 0, arcs[101].flow = 0, arcs[101].mate = 253, 
 arcs[102].from = 72, arcs[102].to = 90, arcs[102].capacity = 5, arcs[102].cost = 0, arcs[102].flow = 0, arcs[102].mate = 254, 
 arcs[103].from = 73, arcs[103].to = 95, arcs[103].capacity = 8, arcs[103].cost = 0, arcs[103].flow = 0, arcs[103].mate = 255, 
 arcs[104].from = 74, arcs[104].to = 80, arcs[104].capacity = 12, arcs[104].cost = 0, arcs[104].flow = 0, arcs[104].mate = 256, 
 arcs[105].from = 76, arcs[105].to = 97, arcs[105].capacity = 10, arcs[105].cost = 0, arcs[105].flow = 0, arcs[105].mate = 257, 
 arcs[106].from = 76, arcs[106].to = 88, arcs[106].capacity = 20, arcs[106].cost = 0, arcs[106].flow = 0, arcs[106].mate = 258, 
 arcs[107].from = 77, arcs[107].to = 93, arcs[107].capacity = 5, arcs[107].cost = 0, arcs[107].flow = 0, arcs[107].mate = 259, 
 arcs[108].from = 77, arcs[108].to = 84, arcs[108].capacity = 15, arcs[108].cost = 0, arcs[108].flow = 0, arcs[108].mate = 260, 
 arcs[109].from = 77, arcs[109].to = 95, arcs[109].capacity = 5, arcs[109].cost = 0, arcs[109].flow = 0, arcs[109].mate = 261, 
 arcs[110].from = 78, arcs[110].to = 100, arcs[110].capacity = 8, arcs[110].cost = 0, arcs[110].flow = 0, arcs[110].mate = 262, 
 arcs[111].from = 79, arcs[111].to = 85, arcs[111].capacity = 12, arcs[111].cost = 0, arcs[111].flow = 0, arcs[111].mate = 263, 
 arcs[112].from = 0, arcs[112].to = 1, arcs[112].capacity = 10000, arcs[112].cost = 0, arcs[112].flow = 0, arcs[112].mate = 264, 
 arcs[113].from = 0, arcs[113].to = 6, arcs[113].capacity = 10000, arcs[113].cost = 0, arcs[113].flow = 0, arcs[113].mate = 265, 
 arcs[114].from = 0, arcs[114].to = 11, arcs[114].capacity = 10000, arcs[114].cost = 0, arcs[114].flow = 0, arcs[114].mate = 266, 
 arcs[115].from = 0, arcs[115].to = 16, arcs[115].capacity = 10000, arcs[115].cost = 0, arcs[115].flow = 0, arcs[115].mate = 267, 
 arcs[116].from = 0, arcs[116].to = 21, arcs[116].capacity = 10000, arcs[116].cost = 0, arcs[116].flow = 0, arcs[116].mate = 268, 
 arcs[117].from = 0, arcs[117].to = 26, arcs[117].capacity = 10000, arcs[117].cost = 0, arcs[117].flow = 0, arcs[117].mate = 269, 
 arcs[118].from = 0, arcs[118].to = 31, arcs[118].capacity = 10000, arcs[118].cost = 0, arcs[118].flow = 0, arcs[118].mate = 270, 
 arcs[119].from = 0, arcs[119].to = 36, arcs[119].capacity = 10000, arcs[119].cost = 0, arcs[119].flow = 0, arcs[119].mate = 271, 
 arcs[120].from = 0, arcs[120].to = 41, arcs[120].capacity = 10000, arcs[120].cost = 0, arcs[120].flow = 0, arcs[120].mate = 272, 
 arcs[121].from = 0, arcs[121].to = 46, arcs[121].capacity = 10000, arcs[121].cost = 0, arcs[121].flow = 0, arcs[121].mate = 273, 
 arcs[122].from = 0, arcs[122].to = 51, arcs[122].capacity = 10000, arcs[122].cost = 0, arcs[122].flow = 0, arcs[122].mate = 274, 
 arcs[123].from = 0, arcs[123].to = 56, arcs[123].capacity = 10000, arcs[123].cost = 0, arcs[123].flow = 0, arcs[123].mate = 275, 
 arcs[124].from = 0, arcs[124].to = 61, arcs[124].capacity = 10000, arcs[124].cost = 0, arcs[124].flow = 0, arcs[124].mate = 276, 
 arcs[125].from = 0, arcs[125].to = 66, arcs[125].capacity = 10000, arcs[125].cost = 0, arcs[125].flow = 0, arcs[125].mate = 277, 
 arcs[126].from = 0, arcs[126].to = 71, arcs[126].capacity = 10000, arcs[126].cost = 0, arcs[126].flow = 0, arcs[126].mate = 278, 
 arcs[127].from = 0, arcs[127].to = 76, arcs[127].capacity = 10000, arcs[127].cost = 0, arcs[127].flow = 0, arcs[127].mate = 279, 
 arcs[128].from = 0, arcs[128].to = 81, arcs[128].capacity = 10000, arcs[128].cost = 0, arcs[128].flow = 0, arcs[128].mate = 280, 
 arcs[129].from = 0, arcs[129].to = 86, arcs[129].capacity = 10000, arcs[129].cost = 0, arcs[129].flow = 0, arcs[129].mate = 281, 
 arcs[130].from = 0, arcs[130].to = 91, arcs[130].capacity = 10000, arcs[130].cost = 0, arcs[130].flow = 0, arcs[130].mate = 282, 
 arcs[131].from = 0, arcs[131].to = 96, arcs[131].capacity = 10000, arcs[131].cost = 0, arcs[131].flow = 0, arcs[131].mate = 283, 
 arcs[132].from = 5, arcs[132].to = 101, arcs[132].capacity = 10000, arcs[132].cost = 5, arcs[132].flow = 0, arcs[132].mate = 284, 
 arcs[133].from = 10, arcs[133].to = 101, arcs[133].capacity = 10000, arcs[133].cost = 10, arcs[133].flow = 0, arcs[133].mate = 285, 
 arcs[134].from = 15, arcs[134].to = 101, arcs[134].capacity = 10000, arcs[134].cost = 20, arcs[134].flow = 0, arcs[134].mate = 286, 
 arcs[135].from = 20, arcs[135].to = 101, arcs[135].capacity = 10000, arcs[135].cost = 40, arcs[135].flow = 0, arcs[135].mate = 287, 
 arcs[136].from = 25, arcs[136].to = 101, arcs[136].capacity = 10000, arcs[136].cost = 80, arcs[136].flow = 0, arcs[136].mate = 288, 
 arcs[137].from = 30, arcs[137].to = 101, arcs[137].capacity = 10000, arcs[137].cost = 160, arcs[137].flow = 0, arcs[137].mate = 289, 
 arcs[138].from = 35, arcs[138].to = 101, arcs[138].capacity = 10000, arcs[138].cost = 320, arcs[138].flow = 0, arcs[138].mate = 290, 
 arcs[139].from = 40, arcs[139].to = 101, arcs[139].capacity = 10000, arcs[139].cost = 640, arcs[139].flow = 0, arcs[139].mate = 291, 
 arcs[140].from = 45, arcs[140].to = 101, arcs[140].capacity = 10000, arcs[140].cost = 1280, arcs[140].flow = 0, arcs[140].mate = 292, 
 arcs[141].from = 50, arcs[141].to = 101, arcs[141].capacity = 10000, arcs[141].cost = 2560, arcs[141].flow = 0, arcs[141].mate = 293, 
 arcs[142].from = 55, arcs[142].to = 101, arcs[142].capacity = 10000, arcs[142].cost = 5120, arcs[142].flow = 0, arcs[142].mate = 294, 
 arcs[143].from = 60, arcs[143].to = 101, arcs[143].capacity = 10000, arcs[143].cost = 10240, arcs[143].flow = 0, arcs[143].mate = 295, 
 arcs[144].from = 65, arcs[144].to = 101, arcs[144].capacity = 10000, arcs[144].cost = 20480, arcs[144].flow = 0, arcs[144].mate = 296, 
 arcs[145].from = 70, arcs[145].to = 101, arcs[145].capacity = 10000, arcs[145].cost = 40960, arcs[145].flow = 0, arcs[145].mate = 297, 
 arcs[146].from = 75, arcs[146].to = 101, arcs[146].capacity = 10000, arcs[146].cost = 81920, arcs[146].flow = 0, arcs[146].mate = 298, 
 arcs[147].from = 80, arcs[147].to = 101, arcs[147].capacity = 10000, arcs[147].cost = 163840, arcs[147].flow = 0, arcs[147].mate = 299, 
 arcs[148].from = 85, arcs[148].to = 101, arcs[148].capacity = 10000, arcs[148].cost = 327680, arcs[148].flow = 0, arcs[148].mate = 300, 
 arcs[149].from = 90, arcs[149].to = 101, arcs[149].capacity = 10000, arcs[149].cost = 655360, arcs[149].flow = 0, arcs[149].mate = 301, 
 arcs[150].from = 95, arcs[150].to = 101, arcs[150].capacity = 10000, arcs[150].cost = 1310720, arcs[150].flow = 0, arcs[150].mate = 302, 
 arcs[151].from = 100, arcs[151].to = 101, arcs[151].capacity = 10000, arcs[151].cost = 2621440, arcs[151].flow = 0, arcs[151].mate = 303, 
 arcs[152].from = 22, arcs[152].to = 1, arcs[152].capacity = 0, arcs[152].cost = 0, arcs[152].flow = 0, arcs[152].mate = 0, 
 arcs[153].from = 13, arcs[153].to = 1, arcs[153].capacity = 0, arcs[153].cost = 0, arcs[153].flow = 0, arcs[153].mate = 1, 
 arcs[154].from = 18, arcs[154].to = 2, arcs[154].capacity = 0, arcs[154].cost = 0, arcs[154].flow = 0, arcs[154].mate = 2, 
 arcs[155].from = 9, arcs[155].to = 2, arcs[155].capacity = 0, arcs[155].cost = 0, arcs[155].flow = 0, arcs[155].mate = 3, 
 arcs[156].from = 20, arcs[156].to = 2, arcs[156].capacity = 0, arcs[156].cost = 0, arcs[156].flow = 0, arcs[156].mate = 4, 
 arcs[157].from = 25, arcs[157].to = 3, arcs[157].capacity = 0, arcs[157].cost = 0, arcs[157].flow = 0, arcs[157].mate = 5, 
 arcs[158].from = 10, arcs[158].to = 4, arcs[158].capacity = 0, arcs[158].cost = 0, arcs[158].flow = 0, arcs[158].mate = 6, 
 arcs[159].from = 27, arcs[159].to = 6, arcs[159].capacity = 0, arcs[159].cost = 0, arcs[159].flow = 0, arcs[159].mate = 7, 
 arcs[160].from = 18, arcs[160].to = 6, arcs[160].capacity = 0, arcs[160].cost = 0, arcs[160].flow = 0, arcs[160].mate = 8, 
 arcs[161].from = 23, arcs[161].to = 7, arcs[161].capacity = 0, arcs[161].cost = 0, arcs[161].flow = 0, arcs[161].mate = 9, 
 arcs[162].from = 14, arcs[162].to = 7, arcs[162].capacity = 0, arcs[162].cost = 0, arcs[162].flow = 0, arcs[162].mate = 10, 
 arcs[163].from = 25, arcs[163].to = 7, arcs[163].capacity = 0, arcs[163].cost = 0, arcs[163].flow = 0, arcs[163].mate = 11, 
 arcs[164].from = 30, arcs[164].to = 8, arcs[164].capacity = 0, arcs[164].cost = 0, arcs[164].flow = 0, arcs[164].mate = 12, 
 arcs[165].from = 15, arcs[165].to = 9, arcs[165].capacity = 0, arcs[165].cost = 0, arcs[165].flow = 0, arcs[165].mate = 13, 
 arcs[166].from = 32, arcs[166].to = 11, arcs[166].capacity = 0, arcs[166].cost = 0, arcs[166].flow = 0, arcs[166].mate = 14, 
 arcs[167].from = 23, arcs[167].to = 11, arcs[167].capacity = 0, arcs[167].cost = 0, arcs[167].flow = 0, arcs[167].mate = 15, 
 arcs[168].from = 28, arcs[168].to = 12, arcs[168].capacity = 0, arcs[168].cost = 0, arcs[168].flow = 0, arcs[168].mate = 16, 
 arcs[169].from = 19, arcs[169].to = 12, arcs[169].capacity = 0, arcs[169].cost = 0, arcs[169].flow = 0, arcs[169].mate = 17, 
 arcs[170].from = 30, arcs[170].to = 12, arcs[170].capacity = 0, arcs[170].cost = 0, arcs[170].flow = 0, arcs[170].mate = 18, 
 arcs[171].from = 35, arcs[171].to = 13, arcs[171].capacity = 0, arcs[171].cost = 0, arcs[171].flow = 0, arcs[171].mate = 19, 
 arcs[172].from = 20, arcs[172].to = 14, arcs[172].capacity = 0, arcs[172].cost = 0, arcs[172].flow = 0, arcs[172].mate = 20, 
 arcs[173].from = 37, arcs[173].to = 16, arcs[173].capacity = 0, arcs[173].cost = 0, arcs[173].flow = 0, arcs[173].mate = 21, 
 arcs[174].from = 28, arcs[174].to = 16, arcs[174].capacity = 0, arcs[174].cost = 0, arcs[174].flow = 0, arcs[174].mate = 22, 
 arcs[175].from = 33, arcs[175].to = 17, arcs[175].capacity = 0, arcs[175].cost = 0, arcs[175].flow = 0, arcs[175].mate = 23, 
 arcs[176].from = 24, arcs[176].to = 17, arcs[176].capacity = 0, arcs[176].cost = 0, arcs[176].flow = 0, arcs[176].mate = 24, 
 arcs[177].from = 35, arcs[177].to = 17, arcs[177].capacity = 0, arcs[177].cost = 0, arcs[177].flow = 0, arcs[177].mate = 25, 
 arcs[178].from = 40, arcs[178].to = 18, arcs[178].capacity = 0, arcs[178].cost = 0, arcs[178].flow = 0, arcs[178].mate = 26, 
 arcs[179].from = 25, arcs[179].to = 19, arcs[179].capacity = 0, arcs[179].cost = 0, arcs[179].flow = 0, arcs[179].mate = 27, 
 arcs[180].from = 42, arcs[180].to = 21, arcs[180].capacity = 0, arcs[180].cost = 0, arcs[180].flow = 0, arcs[180].mate = 28, 
 arcs[181].from = 33, arcs[181].to = 21, arcs[181].capacity = 0, arcs[181].cost = 0, arcs[181].flow = 0, arcs[181].mate = 29, 
 arcs[182].from = 38, arcs[182].to = 22, arcs[182].capacity = 0, arcs[182].cost = 0, arcs[182].flow = 0, arcs[182].mate = 30, 
 arcs[183].from = 29, arcs[183].to = 22, arcs[183].capacity = 0, arcs[183].cost = 0, arcs[183].flow = 0, arcs[183].mate = 31, 
 arcs[184].from = 40, arcs[184].to = 22, arcs[184].capacity = 0, arcs[184].cost = 0, arcs[184].flow = 0, arcs[184].mate = 32, 
 arcs[185].from = 45, arcs[185].to = 23, arcs[185].capacity = 0, arcs[185].cost = 0, arcs[185].flow = 0, arcs[185].mate = 33, 
 arcs[186].from = 30, arcs[186].to = 24, arcs[186].capacity = 0, arcs[186].cost = 0, arcs[186].flow = 0, arcs[186].mate = 34, 
 arcs[187].from = 47, arcs[187].to = 26, arcs[187].capacity = 0, arcs[187].cost = 0, arcs[187].flow = 0, arcs[187].mate = 35, 
 arcs[188].from = 38, arcs[188].to = 26, arcs[188].capacity = 0, arcs[188].cost = 0, arcs[188].flow = 0, arcs[188].mate = 36, 
 arcs[189].from = 43, arcs[189].to = 27, arcs[189].capacity = 0, arcs[189].cost = 0, arcs[189].flow = 0, arcs[189].mate = 37, 
 arcs[190].from = 34, arcs[190].to = 27, arcs[190].capacity = 0, arcs[190].cost = 0, arcs[190].flow = 0, arcs[190].mate = 38, 
 arcs[191].from = 45, arcs[191].to = 27, arcs[191].capacity = 0, arcs[191].cost = 0, arcs[191].flow = 0, arcs[191].mate = 39, 
 arcs[192].from = 50, arcs[192].to = 28, arcs[192].capacity = 0, arcs[192].cost = 0, arcs[192].flow = 0, arcs[192].mate = 40, 
 arcs[193].from = 35, arcs[193].to = 29, arcs[193].capacity = 0, arcs[193].cost = 0, arcs[193].flow = 0, arcs[193].mate = 41, 
 arcs[194].from = 52, arcs[194].to = 31, arcs[194].capacity = 0, arcs[194].cost = 0, arcs[194].flow = 0, arcs[194].mate = 42, 
 arcs[195].from = 43, arcs[195].to = 31, arcs[195].capacity = 0, arcs[195].cost = 0, arcs[195].flow = 0, arcs[195].mate = 43, 
 arcs[196].from = 48, arcs[196].to = 32, arcs[196].capacity = 0, arcs[196].cost = 0, arcs[196].flow = 0, arcs[196].mate = 44, 
 arcs[197].from = 39, arcs[197].to = 32, arcs[197].capacity = 0, arcs[197].cost = 0, arcs[197].flow = 0, arcs[197].mate = 45, 
 arcs[198].from = 50, arcs[198].to = 32, arcs[198].capacity = 0, arcs[198].cost = 0, arcs[198].flow = 0, arcs[198].mate = 46, 
 arcs[199].from = 55, arcs[199].to = 33, arcs[199].capacity = 0, arcs[199].cost = 0, arcs[199].flow = 0, arcs[199].mate = 47, 
 arcs[200].from = 40, arcs[200].to = 34, arcs[200].capacity = 0, arcs[200].cost = 0, arcs[200].flow = 0, arcs[200].mate = 48, 
 arcs[201].from = 57, arcs[201].to = 36, arcs[201].capacity = 0, arcs[201].cost = 0, arcs[201].flow = 0, arcs[201].mate = 49, 
 arcs[202].from = 48, arcs[202].to = 36, arcs[202].capacity = 0, arcs[202].cost = 0, arcs[202].flow = 0, arcs[202].mate = 50, 
 arcs[203].from = 53, arcs[203].to = 37, arcs[203].capacity = 0, arcs[203].cost = 0, arcs[203].flow = 0, arcs[203].mate = 51, 
 arcs[204].from = 44, arcs[204].to = 37, arcs[204].capacity = 0, arcs[204].cost = 0, arcs[204].flow = 0, arcs[204].mate = 52, 
 arcs[205].from = 55, arcs[205].to = 37, arcs[205].capacity = 0, arcs[205].cost = 0, arcs[205].flow = 0, arcs[205].mate = 53, 
 arcs[206].from = 60, arcs[206].to = 38, arcs[206].capacity = 0, arcs[206].cost = 0, arcs[206].flow = 0, arcs[206].mate = 54, 
 arcs[207].from = 45, arcs[207].to = 39, arcs[207].capacity = 0, arcs[207].cost = 0, arcs[207].flow = 0, arcs[207].mate = 55, 
 arcs[208].from = 62, arcs[208].to = 41, arcs[208].capacity = 0, arcs[208].cost = 0, arcs[208].flow = 0, arcs[208].mate = 56, 
 arcs[209].from = 53, arcs[209].to = 41, arcs[209].capacity = 0, arcs[209].cost = 0, arcs[209].flow = 0, arcs[209].mate = 57, 
 arcs[210].from = 58, arcs[210].to = 42, arcs[210].capacity = 0, arcs[210].cost = 0, arcs[210].flow = 0, arcs[210].mate = 58, 
 arcs[211].from = 49, arcs[211].to = 42, arcs[211].capacity = 0, arcs[211].cost = 0, arcs[211].flow = 0, arcs[211].mate = 59, 
 arcs[212].from = 60, arcs[212].to = 42, arcs[212].capacity = 0, arcs[212].cost = 0, arcs[212].flow = 0, arcs[212].mate = 60, 
 arcs[213].from = 65, arcs[213].to = 43, arcs[213].capacity = 0, arcs[213].cost = 0, arcs[213].flow = 0, arcs[213].mate = 61, 
 arcs[214].from = 50, arcs[214].to = 44, arcs[214].capacity = 0, arcs[214].cost = 0, arcs[214].flow = 0, arcs[214].mate = 62, 
 arcs[215].from = 67, arcs[215].to = 46, arcs[215].capacity = 0, arcs[215].cost = 0, arcs[215].flow = 0, arcs[215].mate = 63, 
 arcs[216].from = 58, arcs[216].to = 46, arcs[216].capacity = 0, arcs[216].cost = 0, arcs[216].flow = 0, arcs[216].mate = 64, 
 arcs[217].from = 63, arcs[217].to = 47, arcs[217].capacity = 0, arcs[217].cost = 0, arcs[217].flow = 0, arcs[217].mate = 65, 
 arcs[218].from = 54, arcs[218].to = 47, arcs[218].capacity = 0, arcs[218].cost = 0, arcs[218].flow = 0, arcs[218].mate = 66, 
 arcs[219].from = 65, arcs[219].to = 47, arcs[219].capacity = 0, arcs[219].cost = 0, arcs[219].flow = 0, arcs[219].mate = 67, 
 arcs[220].from = 70, arcs[220].to = 48, arcs[220].capacity = 0, arcs[220].cost = 0, arcs[220].flow = 0, arcs[220].mate = 68, 
 arcs[221].from = 55, arcs[221].to = 49, arcs[221].capacity = 0, arcs[221].cost = 0, arcs[221].flow = 0, arcs[221].mate = 69, 
 arcs[222].from = 72, arcs[222].to = 51, arcs[222].capacity = 0, arcs[222].cost = 0, arcs[222].flow = 0, arcs[222].mate = 70, 
 arcs[223].from = 63, arcs[223].to = 51, arcs[223].capacity = 0, arcs[223].cost = 0, arcs[223].flow = 0, arcs[223].mate = 71, 
 arcs[224].from = 68, arcs[224].to = 52, arcs[224].capacity = 0, arcs[224].cost = 0, arcs[224].flow = 0, arcs[224].mate = 72, 
 arcs[225].from = 59, arcs[225].to = 52, arcs[225].capacity = 0, arcs[225].cost = 0, arcs[225].flow = 0, arcs[225].mate = 73, 
 arcs[226].from = 70, arcs[226].to = 52, arcs[226].capacity = 0, arcs[226].cost = 0, arcs[226].flow = 0, arcs[226].mate = 74, 
 arcs[227].from = 75, arcs[227].to = 53, arcs[227].capacity = 0, arcs[227].cost = 0, arcs[227].flow = 0, arcs[227].mate = 75, 
 arcs[228].from = 60, arcs[228].to = 54, arcs[228].capacity = 0, arcs[228].cost = 0, arcs[228].flow = 0, arcs[228].mate = 76, 
 arcs[229].from = 77, arcs[229].to = 56, arcs[229].capacity = 0, arcs[229].cost = 0, arcs[229].flow = 0, arcs[229].mate = 77, 
 arcs[230].from = 68, arcs[230].to = 56, arcs[230].capacity = 0, arcs[230].cost = 0, arcs[230].flow = 0, arcs[230].mate = 78, 
 arcs[231].from = 73, arcs[231].to = 57, arcs[231].capacity = 0, arcs[231].cost = 0, arcs[231].flow = 0, arcs[231].mate = 79, 
 arcs[232].from = 64, arcs[232].to = 57, arcs[232].capacity = 0, arcs[232].cost = 0, arcs[232].flow = 0, arcs[232].mate = 80, 
 arcs[233].from = 75, arcs[233].to = 57, arcs[233].capacity = 0, arcs[233].cost = 0, arcs[233].flow = 0, arcs[233].mate = 81, 
 arcs[234].from = 80, arcs[234].to = 58, arcs[234].capacity = 0, arcs[234].cost = 0, arcs[234].flow = 0, arcs[234].mate = 82, 
 arcs[235].from = 65, arcs[235].to = 59, arcs[235].capacity = 0, arcs[235].cost = 0, arcs[235].flow = 0, arcs[235].mate = 83, 
 arcs[236].from = 82, arcs[236].to = 61, arcs[236].capacity = 0, arcs[236].cost = 0, arcs[236].flow = 0, arcs[236].mate = 84, 
 arcs[237].from = 73, arcs[237].to = 61, arcs[237].capacity = 0, arcs[237].cost = 0, arcs[237].flow = 0, arcs[237].mate = 85, 
 arcs[238].from = 78, arcs[238].to = 62, arcs[238].capacity = 0, arcs[238].cost = 0, arcs[238].flow = 0, arcs[238].mate = 86, 
 arcs[239].from = 69, arcs[239].to = 62, arcs[239].capacity = 0, arcs[239].cost = 0, arcs[239].flow = 0, arcs[239].mate = 87, 
 arcs[240].from = 80, arcs[240].to = 62, arcs[240].capacity = 0, arcs[240].cost = 0, arcs[240].flow = 0, arcs[240].mate = 88, 
 arcs[241].from = 85, arcs[241].to = 63, arcs[241].capacity = 0, arcs[241].cost = 0, arcs[241].flow = 0, arcs[241].mate = 89, 
 arcs[242].from = 70, arcs[242].to = 64, arcs[242].capacity = 0, arcs[242].cost = 0, arcs[242].flow = 0, arcs[242].mate = 90, 
 arcs[243].from = 87, arcs[243].to = 66, arcs[243].capacity = 0, arcs[243].cost = 0, arcs[243].flow = 0, arcs[243].mate = 91, 
 arcs[244].from = 78, arcs[244].to = 66, arcs[244].capacity = 0, arcs[244].cost = 0, arcs[244].flow = 0, arcs[244].mate = 92, 
 arcs[245].from = 83, arcs[245].to = 67, arcs[245].capacity = 0, arcs[245].cost = 0, arcs[245].flow = 0, arcs[245].mate = 93, 
 arcs[246].from = 74, arcs[246].to = 67, arcs[246].capacity = 0, arcs[246].cost = 0, arcs[246].flow = 0, arcs[246].mate = 94, 
 arcs[247].from = 85, arcs[247].to = 67, arcs[247].capacity = 0, arcs[247].cost = 0, arcs[247].flow = 0, arcs[247].mate = 95, 
 arcs[248].from = 90, arcs[248].to = 68, arcs[248].capacity = 0, arcs[248].cost = 0, arcs[248].flow = 0, arcs[248].mate = 96, 
 arcs[249].from = 75, arcs[249].to = 69, arcs[249].capacity = 0, arcs[249].cost = 0, arcs[249].flow = 0, arcs[249].mate = 97, 
 arcs[250].from = 92, arcs[250].to = 71, arcs[250].capacity = 0, arcs[250].cost = 0, arcs[250].flow = 0, arcs[250].mate = 98, 
 arcs[251].from = 83, arcs[251].to = 71, arcs[251].capacity = 0, arcs[251].cost = 0, arcs[251].flow = 0, arcs[251].mate = 99, 
 arcs[252].from = 88, arcs[252].to = 72, arcs[252].capacity = 0, arcs[252].cost = 0, arcs[252].flow = 0, arcs[252].mate = 100, 
 arcs[253].from = 79, arcs[253].to = 72, arcs[253].capacity = 0, arcs[253].cost = 0, arcs[253].flow = 0, arcs[253].mate = 101, 
 arcs[254].from = 90, arcs[254].to = 72, arcs[254].capacity = 0, arcs[254].cost = 0, arcs[254].flow = 0, arcs[254].mate = 102, 
 arcs[255].from = 95, arcs[255].to = 73, arcs[255].capacity = 0, arcs[255].cost = 0, arcs[255].flow = 0, arcs[255].mate = 103, 
 arcs[256].from = 80, arcs[256].to = 74, arcs[256].capacity = 0, arcs[256].cost = 0, arcs[256].flow = 0, arcs[256].mate = 104, 
 arcs[257].from = 97, arcs[257].to = 76, arcs[257].capacity = 0, arcs[257].cost = 0, arcs[257].flow = 0, arcs[257].mate = 105, 
 arcs[258].from = 88, arcs[258].to = 76, arcs[258].capacity = 0, arcs[258].cost = 0, arcs[258].flow = 0, arcs[258].mate = 106, 
 arcs[259].from = 93, arcs[259].to = 77, arcs[259].capacity = 0, arcs[259].cost = 0, arcs[259].flow = 0, arcs[259].mate = 107, 
 arcs[260].from = 84, arcs[260].to = 77, arcs[260].capacity = 0, arcs[260].cost = 0, arcs[260].flow = 0, arcs[260].mate = 108, 
 arcs[261].from = 95, arcs[261].to = 77, arcs[261].capacity = 0, arcs[261].cost = 0, arcs[261].flow = 0, arcs[261].mate = 109, 
 arcs[262].from = 100, arcs[262].to = 78, arcs[262].capacity = 0, arcs[262].cost = 0, arcs[262].flow = 0, arcs[262].mate = 110, 
 arcs[263].from = 85, arcs[263].to = 79, arcs[263].capacity = 0, arcs[263].cost = 0, arcs[263].flow = 0, arcs[263].mate = 111, 
 arcs[264].from = 1, arcs[264].to = 0, arcs[264].capacity = 0, arcs[264].cost = 0, arcs[264].flow = 0, arcs[264].mate = 112, 
 arcs[265].from = 6, arcs[265].to = 0, arcs[265].capacity = 0, arcs[265].cost = 0, arcs[265].flow = 0, arcs[265].mate = 113, 
 arcs[266].from = 11, arcs[266].to = 0, arcs[266].capacity = 0, arcs[266].cost = 0, arcs[266].flow = 0, arcs[266].mate = 114, 
 arcs[267].from = 16, arcs[267].to = 0, arcs[267].capacity = 0, arcs[267].cost = 0, arcs[267].flow = 0, arcs[267].mate = 115, 
 arcs[268].from = 21, arcs[268].to = 0, arcs[268].capacity = 0, arcs[268].cost = 0, arcs[268].flow = 0, arcs[268].mate = 116, 
 arcs[269].from = 26, arcs[269].to = 0, arcs[269].capacity = 0, arcs[269].cost = 0, arcs[269].flow = 0, arcs[269].mate = 117, 
 arcs[270].from = 31, arcs[270].to = 0, arcs[270].capacity = 0, arcs[270].cost = 0, arcs[270].flow = 0, arcs[270].mate = 118, 
 arcs[271].from = 36, arcs[271].to = 0, arcs[271].capacity = 0, arcs[271].cost = 0, arcs[271].flow = 0, arcs[271].mate = 119, 
 arcs[272].from = 41, arcs[272].to = 0, arcs[272].capacity = 0, arcs[272].cost = 0, arcs[272].flow = 0, arcs[272].mate = 120, 
 arcs[273].from = 46, arcs[273].to = 0, arcs[273].capacity = 0, arcs[273].cost = 0, arcs[273].flow = 0, arcs[273].mate = 121, 
 arcs[274].from = 51, arcs[274].to = 0, arcs[274].capacity = 0, arcs[274].cost = 0, arcs[274].flow = 0, arcs[274].mate = 122, 
 arcs[275].from = 56, arcs[275].to = 0, arcs[275].capacity = 0, arcs[275].cost = 0, arcs[275].flow = 0, arcs[275].mate = 123, 
 arcs[276].from = 61, arcs[276].to = 0, arcs[276].capacity = 0, arcs[276].cost = 0, arcs[276].flow = 0, arcs[276].mate = 124, 
 arcs[277].from = 66, arcs[277].to = 0, arcs[277].capacity = 0, arcs[277].cost = 0, arcs[277].flow = 0, arcs[277].mate = 125, 
 arcs[278].from = 71, arcs[278].to = 0, arcs[278].capacity = 0, arcs[278].cost = 0, arcs[278].flow = 0, arcs[278].mate = 126, 
 arcs[279].from = 76, arcs[279].to = 0, arcs[279].capacity = 0, arcs[279].cost = 0, arcs[279].flow = 0, arcs[279].mate = 127, 
 arcs[280].from = 81, arcs[280].to = 0, arcs[280].capacity = 0, arcs[280].cost = 0, arcs[280].flow = 0, arcs[280].mate = 128, 
 arcs[281].from = 86, arcs[281].to = 0, arcs[281].capacity = 0, arcs[281].cost = 0, arcs[281].flow = 0, arcs[281].mate = 129, 
 arcs[282].from = 91, arcs[282].to = 0, arcs[282].capacity = 0, arcs[282].cost = 0, arcs[282].flow = 0, arcs[282].mate = 130, 
 arcs[283].from = 96, arcs[283].to = 0, arcs[283].capacity = 0, arcs[283].cost = 0, arcs[283].flow = 0, arcs[283].mate = 131, 
 arcs[284].from = 101, arcs[284].to = 5, arcs[284].capacity = 0, arcs[284].cost = -5, arcs[284].flow = 0, arcs[284].mate = 132, 
 arcs[285].from = 101, arcs[285].to = 10, arcs[285].capacity = 0, arcs[285].cost = -10, arcs[285].flow = 0, arcs[285].mate = 133, 
 arcs[286].from = 101, arcs[286].to = 15, arcs[286].capacity = 0, arcs[286].cost = -20, arcs[286].flow = 0, arcs[286].mate = 134, 
 arcs[287].from = 101, arcs[287].to = 20, arcs[287].capacity = 0, arcs[287].cost = -40, arcs[287].flow = 0, arcs[287].mate = 135, 
 arcs[288].from = 101, arcs[288].to = 25, arcs[288].capacity = 0, arcs[288].cost = -80, arcs[288].flow = 0, arcs[288].mate = 136, 
 arcs[289].from = 101, arcs[289].to = 30, arcs[289].capacity = 0, arcs[289].cost = -160, arcs[289].flow = 0, arcs[289].mate = 137, 
 arcs[290].from = 101, arcs[290].to = 35, arcs[290].capacity = 0, arcs[290].cost = -320, arcs[290].flow = 0, arcs[290].mate = 138, 
 arcs[291].from = 101, arcs[291].to = 40, arcs[291].capacity = 0, arcs[291].cost = -640, arcs[291].flow = 0, arcs[291].mate = 139, 
 arcs[292].from = 101, arcs[292].to = 45, arcs[292].capacity = 0, arcs[292].cost = -1280, arcs[292].flow = 0, arcs[292].mate = 140, 
 arcs[293].from = 101, arcs[293].to = 50, arcs[293].capacity = 0, arcs[293].cost = -2560, arcs[293].flow = 0, arcs[293].mate = 141, 
 arcs[294].from = 101, arcs[294].to = 55, arcs[294].capacity = 0, arcs[294].cost = -5120, arcs[294].flow = 0, arcs[294].mate = 142, 
 arcs[295].from = 101, arcs[295].to = 60, arcs[295].capacity = 0, arcs[295].cost = -10240, arcs[295].flow = 0, arcs[295].mate = 143, 
 arcs[296].from = 101, arcs[296].to = 65, arcs[296].capacity = 0, arcs[296].cost = -20480, arcs[296].flow = 0, arcs[296].mate = 144, 
 arcs[297].from = 101, arcs[297].to = 70, arcs[297].capacity = 0, arcs[297].cost = -40960, arcs[297].flow = 0, arcs[297].mate = 145, 
 arcs[298].from = 101, arcs[298].to = 75, arcs[298].capacity = 0, arcs[298].cost = -81920, arcs[298].flow = 0, arcs[298].mate = 146, 
 arcs[299].from = 101, arcs[299].to = 80, arcs[299].capacity = 0, arcs[299].cost = -163840, arcs[299].flow = 0, arcs[299].mate = 147, 
 arcs[300].from = 101, arcs[300].to = 85, arcs[300].capacity = 0, arcs[300].cost = -327680, arcs[300].flow = 0, arcs[300].mate = 148, 
 arcs[301].from = 101, arcs[301].to = 90, arcs[301].capacity = 0, arcs[301].cost = -655360, arcs[301].flow = 0, arcs[301].mate = 149, 
 arcs[302].from = 101, arcs[302].to = 95, arcs[302].capacity = 0, arcs[302].cost = -1310720, arcs[302].flow = 0, arcs[302].mate = 150, 
 arcs[303].from = 101, arcs[303].to = 100, arcs[303].capacity = 0, arcs[303].cost = -2621440, arcs[303].flow = 0, arcs[303].mate = 151, 
